{
  "loss": [
    0.7358786463737488, 0.3577343225479126, 0.232152059674263,
    0.16670377552509308, 0.12174735963344574, 0.10001128911972046,
    0.08693579584360123, 0.06972283124923706, 0.05872055143117905,
    0.055152397602796555
  ],
  "accuracy": [
    0.7715626955032349, 0.8859663009643555, 0.9250302314758301,
    0.9455010890960693, 0.9597411155700684, 0.966896653175354,
    0.9719183444976807, 0.9780212044715881, 0.9820613265037537,
    0.9824027419090271
  ],
  "val_loss": [
    0.46015459299087524, 0.2463672012090683, 0.21557262539863586,
    0.19224804639816284, 0.19493414461612701, 0.21097047626972198,
    0.14378738403320312, 0.16329389810562134, 0.14206787943840027,
    0.10896062850952148
  ],
  "val_accuracy": [
    0.8541998863220215, 0.9198155999183655, 0.9288641214370728,
    0.9387662410736084, 0.9395060539245605, 0.9403596520423889,
    0.9549282789230347, 0.9523105025291443, 0.9619849920272827,
    0.9713749289512634
  ]
}
